company,reviewer,rating,date,review_text
Temu,Trish Boyington,2,2026-08-09T12:05:04.000Z,Any clothing items bought from Temu are likely to be shoddy and made with cheap Polyester. I have wasted money on various purchases and they have almost all disappointed. If you buy household goods an... See more
Temu,Janet Erlam,1,2026-08-08T12:32:35.000Z,"Minus one star at least. I have repeatedly contacted Temu about their deliveries beng left anywhere but where they should. They have been dumed in garages at the back, the garden, but mostly rubbish... See more"
Temu,Maurice Jones,1,2026-08-11T15:38:12.000Z,
Temu,Garry Folcarelli,1,2026-08-11T14:58:55.000Z,
Temu,Leila,1,2026-08-11T14:49:34.000Z,
Temu,Pinguino Dee,1,2026-08-11T14:18:19.000Z,
Temu,Mr BryanP,2,2026-08-11T14:16:55.000Z,
Temu,Jane,1,2026-08-11T13:06:52.000Z,
Temu,George,1,2026-08-11T12:04:05.000Z,
Temu,mehmet kisa,1,2026-08-11T12:01:35.000Z,
Temu,Gagandeep Singh,1,2026-08-11T12:00:44.000Z,
Temu,Karen Waights,1,2026-08-11T11:51:56.000Z,
Temu,Dawn Kinsley,3,2026-08-11T11:02:31.000Z,
Temu,Divan Ricardo Van Wyk,1,2026-08-11T10:19:27.000Z,
Temu,Heather Dalzell,1,2026-08-11T07:43:52.000Z,
Temu,Ghada Hammad,1,2026-08-11T06:33:47.000Z,
Temu,NANCY GLENN,2,2026-08-11T05:55:28.000Z,
Temu,Adam,1,2026-08-11T04:22:40.000Z,
Temu,Mohammad Hamam,2,2026-08-11T04:06:27.000Z,
Temu,Bill,1,2026-08-11T03:14:02.000Z,
Temu,Madd Djalo,1,2026-08-11T01:42:33.000Z,
Temu,customer,1,2026-08-11T00:36:31.000Z,
